"history_day_close","history_day_date","history_day_high","history_day_low","history_day_open","history_day_volume"
67.41,"2014-03-03",68.05,66.51,66.96,56900444
68.8,"2014-03-04",68.9,67.62,68.66,42164222
71.57,"2014-03-05",71.97,69.62,69.69,74649486
70.84,"2014-03-06",71.89,70.25,71.88,46126260
69.8,"2014-03-07",71.18,69.47,71.08,38985763
72.03,"2014-03-10",72.15,70.51,70.77,59949746
70.1,"2014-03-11",72.59,69.96,72.5,59615238
70.8799,"2014-03-12",71.35,69.0,69.86,46400431
68.83,"2014-03-13",71.35,68.15,71.29,57091157
67.72,"2014-03-14",69.43,67.46,68.49,48226824
68.7399,"2014-03-17",68.95,66.62,68.18,52196699
69.19,"2014-03-18",69.6,68.3,68.76,40827226
68.24,"2014-03-19",69.29,67.465,69.17,43980558
66.97,"2014-03-20",68.23,66.82,68.01,44438500
67.24,"2014-03-21",67.92,66.1786,67.53,60041228
64.1,"2014-03-24",67.36,63.36,67.19,85695872
64.89,"2014-03-25",66.19,63.78,64.89,68785500
60.385,"2014-03-26",64.95,60.37,64.74,97689774
60.97,"2014-03-27",61.9,57.98,60.51,112649694
60.01,"2014-03-28",61.95,59.335,61.34,67051528
60.24,"2014-03-31",61.52,59.87,60.78,53011205
62.62,"2014-04-01",62.66,60.24,60.46,59291210
62.72,"2014-04-02",63.91,62.21,63.21,66276613
59.49,"2014-04-03",63.17,59.13,62.55,83859330
56.749,"2014-04-04",60.2,56.32,59.94,125465774
56.95,"2014-04-07",58.0,55.44,55.9,108487569
58.1901,"2014-04-08",58.71,57.17,57.68,78835935
62.41,"2014-04-09",62.455799999999996,59.1882,59.63,100215307
59.16,"2014-04-10",63.18,58.68,63.08,114987616
58.53,"2014-04-11",60.31,57.31,57.6,91451960
58.89,"2014-04-14",60.45,57.78,60.09,72324603
59.09,"2014-04-15",59.68,55.88,59.29,108622706
59.72,"2014-04-16",60.19,57.74,59.79,78773521
58.94,"2014-04-17",60.58,58.72,59.3,88040346
61.24,"2014-04-21",61.24,59.15,59.46,60363619
63.0301,"2014-04-22",63.44,62.22,62.65,60631312
61.36,"2014-04-23",63.48,61.26,63.45,96564750
60.87,"2014-04-24",63.65,59.77,63.6,138769350
57.71,"2014-04-25",60.01,57.57,59.97,92501529
56.14,"2014-04-28",58.31,54.66,58.05,107757756
58.15,"2014-04-29",58.28,55.84,56.09,75557202
59.772,"2014-04-30",59.85,57.16,57.58,76093004
61.15,"2014-05-01",62.28,60.21,60.43,82428606
60.46,"2014-05-02",61.89,60.18,61.3,54189197
61.22,"2014-05-05",61.35,59.18,59.67,46057411
58.53,"2014-05-06",61.15,58.49,60.98,55900809
57.39,"2014-05-07",59.3,56.26,58.77,78587247
56.76,"2014-05-08",58.82,56.5,57.23,61251053
57.24,"2014-05-09",57.65,56.38,56.85,52583858
59.83,"2014-05-12",59.9,57.98,57.98,48575487
59.83,"2014-05-13",60.89,59.51,59.66,48525476
59.23,"2014-05-14",60.45,58.95,59.53,47428583
57.919,"2014-05-15",59.38,57.52,59.26,56813940
58.0199,"2014-05-16",58.45,57.31,58.31,47933075
59.21,"2014-05-19",59.56,57.57,57.89,43033925
58.56,"2014-05-20",60.19,58.18,59.5,53931469
60.49,"2014-05-21",60.5,58.25,58.56,58991505
60.52,"2014-05-22",61.48,60.4,60.94,54200116
61.351,"2014-05-23",61.45,60.15,60.41,38293993
63.48,"2014-05-27",63.51,61.57,61.58,55681663
63.51,"2014-05-28",64.14,62.62,63.39,47795088
63.83,"2014-05-29",64.3,63.51,63.84,42699670
63.3,"2014-05-30",64.17,62.56,63.95,45283577
63.08,"2014-06-02",63.59,62.05,63.23,35995537
62.87,"2014-06-03",63.42,62.32,62.62,32216707
63.34,"2014-06-04",63.59,62.07,62.45,36513991
63.186,"2014-06-05",64.36,62.82,63.66,47352368
62.5,"2014-06-06",63.48,62.15,63.37,42442096
62.88,"2014-06-09",63.34,61.79,62.4,37617413
65.77,"2014-06-10",65.82,63.5,63.53,69338140
65.781,"2014-06-11",65.8,64.9,65.32,44241926
64.2901,"2014-06-12",66.47,64.06,65.82,55729828
64.5,"2014-06-13",64.97,63.83,64.67,29418910
64.19,"2014-06-16",64.88,63.75,64.14,31045811
64.4,"2014-06-17",64.88,63.93,64.1,27714816
65.6,"2014-06-18",65.75,64.05,64.49,35570154
64.3415,"2014-06-19",65.5756,64.21,65.46,34245182
64.5,"2014-06-20",64.81,63.35,64.46,46466073
65.37,"2014-06-23",65.66,64.22,64.32,34560121
65.72,"2014-06-24",67.17,65.27,65.36,57334867
67.44,"2014-06-25",67.48,65.57,65.58,44308249
67.13,"2014-06-26",68.0,66.9,68.0,47713944
67.6,"2014-06-27",67.7,66.84,67.31,46460627
67.29,"2014-06-30",67.92,67.13,67.46,27201749
68.06,"2014-07-01",68.44,67.39,67.58,33243166
66.45,"2014-07-02",68.3,65.79,68.04,41895220
66.29,"2014-07-03",67.0,65.76,66.87,25203215
65.29,"2014-07-07",66.57,65.12,66.3,28745099
62.76,"2014-07-08",65.56,62.21,65.06,68926036
64.97,"2014-07-09",65.12,63.15,63.41,51431582
64.8725,"2014-07-10",65.34,63.05,63.31,44421915
66.34,"2014-07-11",66.59,64.79,65.28,39212022
67.9,"2014-07-14",68.17,66.9,67.13,38536924
67.165,"2014-07-15",68.0899,66.26,67.92,44292944
67.66,"2014-07-16",67.94,67.07,67.54,29593589
66.4099,"2014-07-17",67.85,66.04,67.03,38188432
68.4199,"2014-07-18",68.46,66.16,66.8,42455649
69.4,"2014-07-21",69.96,68.5,68.82,49539121
69.27,"2014-07-22",69.77,68.61,69.72,40397693
71.29,"2014-07-23",71.33,69.61,69.74,78434716
74.98,"2014-07-24",76.74,74.51,75.96,124167936
75.19,"2014-07-25",75.67,74.662,75.0,45917435
74.92,"2014-07-28",75.5,73.85,75.17,41725249
73.71,"2014-07-29",74.92,73.4229,74.72,41324470
74.677,"2014-07-30",75.19,74.13,74.21,36853018
72.65,"2014-07-31",74.165,72.44,74.0,43991772
72.36,"2014-08-01",73.22,71.55,72.22,43535314
73.51,"2014-08-04",73.88,72.36,72.36,30776819
72.69,"2014-08-05",73.59,72.18,73.2,34986147
72.47,"2014-08-06",73.72,71.79,72.02,30985533
73.17,"2014-08-07",74.0,72.7,73.0,38140550
73.06,"2014-08-08",73.43,72.56,73.25,27202325
73.44,"2014-08-11",73.91,73.06,73.46,24591177
72.83,"2014-08-12",73.3301,72.22,73.09,27418983
73.77,"2014-08-13",74.25,73.05,73.11,29265662
74.296,"2014-08-14",74.38,73.69,73.97,22207019
73.63,"2014-08-15",74.65,73.0,74.32,38909161
74.59,"2014-08-18",74.72,73.96,74.0,23973658
75.29,"2014-08-19",75.58,74.77,74.81,26678640
74.81,"2014-08-20",75.18,74.62,74.97,22916678
74.57,"2014-08-21",75.19,74.4149,74.92,20101979
74.57,"2014-08-22",74.73,73.57,74.34,20897393
75.02,"2014-08-25",75.28,74.79,74.94,19734103
75.9601,"2014-08-26",75.99,74.73,75.0,23992668
74.63,"2014-08-27",75.49,74.46,75.27,36323060
73.855,"2014-08-28",74.43,73.73,74.03,21946738
74.82,"2014-08-29",74.82,74.01,74.3,26241162
76.68,"2014-09-02",76.7,74.82,75.01,34979438
75.83,"2014-09-03",77.48,75.6,77.14,32389102
75.95,"2014-09-04",76.93,75.53,75.83,26676444
77.26,"2014-09-05",77.38,75.598,76.1,29475854
77.89,"2014-09-08",78.17,77.01,77.26,28183156
76.67,"2014-09-09",78.17,76.2,77.6,28881803
77.43,"2014-09-10",77.95,76.51,76.52,29908606
77.92,"2014-09-11",78.36,77.05,77.13,32247724
77.48,"2014-09-12",78.3,77.1,78.02,26744356
74.58,"2014-09-15",77.25,73.43,77.12,49679130
76.08,"2014-09-16",76.23,73.07,73.51,37742482
76.43,"2014-09-17",77.25,75.57,75.96,28693348
77.0,"2014-09-18",77.33,76.52,76.77,23030936
77.91,"2014-09-19",78.3,76.44,77.4,76671330
76.8,"2014-09-22",77.53,75.95,77.0,31961015
78.29,"2014-09-23",78.63,76.04,76.33,36814111
78.535,"2014-09-24",78.62,77.51,78.1,30679642
77.22,"2014-09-25",78.94,77.13,78.6,37532580
78.79,"2014-09-26",78.8416,77.33,77.59,28872012
79.0,"2014-09-29",79.199,77.91,78.12,34030635
79.04,"2014-09-30",79.7067,78.6,79.35,35899444
76.55,"2014-10-01",78.82,75.9,78.78,55090157
77.08,"2014-10-02",77.48,75.64,76.57,36487612
77.44,"2014-10-03",78.06,77.26,77.76,23340173
77.555,"2014-10-06",77.89,76.85,77.19,25729191
76.29,"2014-10-07",77.95,76.24,77.05,25317488
77.52,"2014-10-08",77.71,75.1,76.16,32975514
75.91,"2014-10-09",77.7601,75.85,77.28,32487174
72.91,"2014-10-10",76.5,72.76,75.59,52146162
72.99,"2014-10-13",74.78,72.52,73.22,43937638
73.59,"2014-10-14",74.18,72.05,74.0,50299288
73.21,"2014-10-15",73.8,70.32,71.69,61528317
72.63,"2014-10-16",73.35,70.58,70.79,53529459
75.95,"2014-10-17",76.0,73.75,74.23,76341638
76.95,"2014-10-20",77.09,75.38,75.62,34701260
78.69,"2014-10-21",78.74,77.15,77.55,32252403
78.37,"2014-10-22",79.85,78.01,78.815,41862393
80.04,"2014-10-23",80.63,79.01,79.38,35055800
80.67,"2014-10-24",80.8183,79.32,80.2,32247520
80.28,"2014-10-27",80.8,79.76,80.74,30168921
80.77,"2014-10-28",81.16,79.57,80.18,74211768
75.86,"2014-10-29",76.88,74.78,75.45,106119520
74.11,"2014-10-30",75.35,72.9,75.05,83269554
74.99,"2014-10-31",75.7,74.45,74.94,44544325
73.88,"2014-11-03",75.52,73.7,75.48,40727330
75.76,"2014-11-04",75.77,73.65,74.23,39326471
74.83,"2014-11-05",76.8,74.42,76.51,35912588
75.26,"2014-11-06",75.6,74.31,74.89,21383194
75.6,"2014-11-07",75.855,75.02,75.39,20774381
75.0,"2014-11-10",75.4799,74.61,75.41,21575126
74.61,"2014-11-11",74.98,74.03,74.91,18735123
74.72,"2014-11-12",75.14,73.54,74.28,26536609
74.3196,"2014-11-13",75.24,74.31,74.73,8893573
74.88,"2014-11-14",74.93,74.04,74.27,19476878
74.24,"2014-11-17",75.655,73.88,74.88,28701191
74.34,"2014-11-18",74.8,73.9,74.45,20696643
73.33,"2014-11-19",74.54,73.11,74.01,25441163
73.6,"2014-11-20",73.99,72.51,72.8,19154862
73.75,"2014-11-21",74.5,73.5,74.5,23060382
74.01,"2014-11-24",74.35,73.35,73.54,22103831
75.63,"2014-11-25",75.74,74.13,74.21,32250205
77.62,"2014-11-26",77.78,75.51,75.53,32721585
77.7,"2014-11-28",78.27,77.23,77.67,15992035
75.1,"2014-12-01",77.31,74.8,77.26,31789866
75.46,"2014-12-02",75.91,75.04,75.31,16773884
74.88,"2014-12-03",75.73,74.4,75.38,16689857
75.24,"2014-12-04",75.55,74.66,74.83,14390520
76.36,"2014-12-05",76.76,75.36,75.8,24306446
76.52,"2014-12-08",77.25,75.4,76.18,25733853
76.84,"2014-12-09",76.93,74.78,75.2,25358584
76.18,"2014-12-10",77.55,76.07,76.65,32210532
77.73,"2014-12-11",78.52,76.48,76.52,33492661
77.83,"2014-12-12",78.88,77.02,77.16,28091617
76.99,"2014-12-15",78.58,76.56,78.46,29396532
74.69,"2014-12-16",77.39,74.59,76.15,31554593
76.11,"2014-12-17",76.41,74.9,75.01,29203904
78.4,"2014-12-18",78.4,76.51,76.89,34222081
79.88,"2014-12-19",80.0,78.33,78.75,43334992
81.45,"2014-12-22",81.89,80.0,80.05,31395770
80.61,"2014-12-23",82.17,80.4,82.0,19865820
80.77,"2014-12-24",81.43,80.75,81.03,7685481
80.775,"2014-12-26",81.28,80.51,81.02,10647388
80.02,"2014-12-29",80.96,79.71,80.49,14134666
79.22,"2014-12-30",80.59,79.1,79.85,14370763
78.02,"2014-12-31",79.8,77.86,79.54,20040439
78.45,"2015-01-02",78.93,77.7,78.58,18177475
77.19,"2015-01-05",79.2455,76.86,77.98,26452191
76.15,"2015-01-06",77.59,75.365,77.23,27399288
76.15,"2015-01-07",77.36,75.82,76.67,22045333
78.175,"2015-01-08",78.23,76.08,76.78,23960953
77.74,"2015-01-09",78.62,77.2,78.2,21157007
76.72,"2015-01-12",78.0,76.21,77.84,19190194
76.45,"2015-01-13",78.08,75.85,77.23,25179561
76.28,"2015-01-14",77.2,76.0291,76.42,25918564
74.05,"2015-01-15",76.57,73.54,76.4,34133974
75.18,"2015-01-16",75.32,73.84,74.05,21791529
76.24,"2015-01-20",76.31,74.82,75.72,22821614
76.74,"2015-01-21",77.3,75.85,76.16,25096737
77.65,"2015-01-22",77.75,76.68,77.17,19519458
77.83,"2015-01-23",78.19,77.04,77.65,16746503
77.495,"2015-01-26",78.47,77.29,77.98,19260820
75.78,"2015-01-27",76.88,75.63,76.71,20109977
76.24,"2015-01-28",77.638,76.0,76.9,53306422
78.0,"2015-01-29",78.02,74.21,76.85,61293468
75.91,"2015-01-30",78.16,75.75,78.0,42649491
74.99,"2015-02-02",76.14,73.75,76.11,41955258
75.4,"2015-02-03",75.58,73.86,75.15,26957714
75.63,"2015-02-04",76.35,75.01,75.09,20277368
75.615,"2015-02-05",75.98,75.21,75.71,15062573
74.47,"2015-02-06",75.7,74.25,75.68,21210994
74.44,"2015-02-09",74.83,73.45,74.05,16194322
75.19,"2015-02-10",75.34,74.5,74.85,15811344
76.51,"2015-02-11",76.75,75.03,75.09,20877427
76.23,"2015-02-12",76.87,75.89,76.86,17234976
75.74,"2015-02-13",76.48,75.5,76.46,18621860
75.6,"2015-02-17",76.91,75.08,75.3,25254400
76.71,"2015-02-18",76.9,75.45,75.94,22426421
79.42,"2015-02-19",79.84,76.95,76.96,45851177
79.895,"2015-02-20",80.34,79.2,79.55,36931698
78.84,"2015-02-23",80.19,78.38,79.96,24139056
78.45,"2015-02-24",79.48,78.1,78.5,18897133
79.56,"2015-02-25",80.2,78.5,78.5,25593800
80.41,"2015-02-26",81.37,79.72,79.88,31111891
78.97,"2015-02-27",81.23,78.62,80.68,30739197
79.75,"2015-03-02",79.855,78.52,79.0,21662537
79.6,"2015-03-03",79.7,78.52,79.61,18634973
80.895,"2015-03-04",81.15,78.85,79.34,28126686
81.21,"2015-03-05",81.99,81.05,81.23,27825733
80.005,"2015-03-06",81.33,79.83,80.9,24488581
79.44,"2015-03-09",79.91,78.63,79.68,18925097
77.55,"2015-03-10",79.26,77.55,78.5,23067057
77.57,"2015-03-11",78.43,77.26,77.85,20215704
78.93,"2015-03-12",79.05,77.91,78.1,16093319
78.05,"2015-03-13",79.38,77.68,78.6,18557296
78.07,"2015-03-16",78.12,77.36,77.96,19305406
79.365,"2015-03-17",79.78,78.34,78.36,22169969
80.91,"2015-03-18",81.24,79.17,79.29,36912446
82.75,"2015-03-19",83.0,81.0,81.12,42099523
83.8,"2015-03-20",84.6,83.07,83.39,44466323
84.43,"2015-03-23",84.96,83.3,83.92,27357333
85.31,"2015-03-24",86.0699,84.52,84.71,32576522
82.92,"2015-03-25",85.52,82.92,85.5,37436147
83.01,"2015-03-26",83.77,82.14,82.72,32794800
83.3,"2015-03-27",83.95,82.88,83.38,18372582
83.195,"2015-03-30",84.34,82.41,83.81,24527686
82.215,"2015-03-31",83.5,82.21,82.9,19734277
81.665,"2015-04-01",82.72,80.87,82.5,22058167
81.555,"2015-04-02",82.56,81.44,82.25,19664053
82.44,"2015-04-06",82.81,80.8,80.8,19062934
82.32,"2015-04-07",83.42,82.22,82.65,17467042
82.275,"2015-04-08",83.1,81.84,82.63,18966732
82.17,"2015-04-09",82.8,81.71,82.5,15927281
82.04,"2015-04-10",82.61,81.91,82.32,12529738
83.01,"2015-04-13",83.94,81.92,81.93,26883094
83.515,"2015-04-14",83.69,82.44,83.17,19634173
82.705,"2015-04-15",83.66,82.27,83.54,22390943
82.31,"2015-04-16",83.07,82.15,82.47,13769687
80.775,"2015-04-17",82.11,80.37,81.58,24214983
83.09,"2015-04-20",83.15,81.24,81.54,28796761
83.62,"2015-04-21",84.49,83.54,84.0,27171852
84.63,"2015-04-22",84.74,83.65,84.32,45547963
82.41,"2015-04-23",85.59,82.41,84.1,73728080
81.53,"2015-04-24",82.94,81.48,82.77,29660356
81.91,"2015-04-27",82.93,81.63,81.87,25446032
80.68,"2015-04-28",81.9,80.23,81.88,23775344
80.465,"2015-04-29",81.39,79.52,80.01,26430258
78.77,"2015-04-30",80.96,78.32,80.01,28999005
78.99,"2015-05-01",79.76,78.11,79.24,24136358
78.81,"2015-05-04",79.69,78.6301,79.33,14691991
77.56,"2015-05-05",78.8,77.22,78.55,22311318
78.1,"2015-05-06",78.81,77.05,77.97,28663026
78.425,"2015-05-07",78.94,77.56,78.0,19749428
78.51,"2015-05-08",79.23,78.03,79.1,19943595
78.01,"2015-05-11",79.03,77.93,78.48,18874054
77.46,"2015-05-12",77.89,76.79,77.87,21285310
78.44,"2015-05-13",78.53,77.65,77.72,21512309
81.37,"2015-05-14",81.845,78.67,78.94,49437996
80.42,"2015-05-15",81.52,80.18,81.41,27069884
80.88,"2015-05-18",81.38,80.23,80.33,21613674
80.63,"2015-05-19",81.69,80.55,81.25,17955389
80.55,"2015-05-20",81.1,79.46,80.58,23056899
80.48,"2015-05-21",80.92,80.08,80.19,13402749
80.54,"2015-05-22",81.31,80.25,80.35,19567937
79.335,"2015-05-26",80.6,79.08,80.43,16321339
80.55,"2015-05-27",80.66,79.43,79.6,14160865
80.145,"2015-05-28",81.0745,80.0,80.25,11982008
79.19,"2015-05-29",80.07,78.88,80.05,16134580
80.29,"2015-06-01",80.38,78.66,79.3,18119012
80.445,"2015-06-02",81.35,79.56,79.86,18923300
82.44,"2015-06-03",82.53,81.25,81.34,31774993
82.05,"2015-06-04",82.95,81.51,82.14,20863877
82.14,"2015-06-05",82.46,81.51,81.87,16143093
80.67,"2015-06-08",82.0,80.13,81.82,16915471
80.67,"2015-06-09",81.19,79.32,80.57,16497538
82.16,"2015-06-10",82.6,80.81,80.83,21531208
81.83,"2015-06-11",82.9,81.36,82.31,18656811
81.53,"2015-06-12",82.09,81.2,81.37,11417882
80.71,"2015-06-15",80.93,80.07,80.55,18805087
81.06,"2015-06-16",81.51,80.45,80.82,13693666
81.79,"2015-06-17",82.22,81.34,81.76,18350287
82.905,"2015-06-18",83.19,81.57,81.64,26782573
82.51,"2015-06-19",82.98,82.12,82.83,23353194
84.74,"2015-06-22",84.97,83.31,83.46,29383079
87.88,"2015-06-23",87.97,84.76,84.95,50667853
88.86,"2015-06-24",89.25,87.45,87.66,41370227
87.98,"2015-06-25",89.4,87.835,89.26,27301967
88.01,"2015-06-26",88.34,86.8283,88.12,38214647
85.8,"2015-06-29",87.5,85.73,86.61,35957872
85.765,"2015-06-30",86.7,85.57,86.61,23233183
86.91,"2015-07-01",87.95,86.49,86.77,25260045
87.285,"2015-07-02",87.44,86.3401,87.4,16908781
87.55,"2015-07-06",88.1846,86.39,86.49,24635915
87.22,"2015-07-07",87.85,85.231,87.8,33059921
85.65,"2015-07-08",86.75,85.445,86.29,24399340
85.88,"2015-07-09",87.6,85.6499,86.73,23307402
87.95,"2015-07-10",88.22,86.77,87.35,23245873
90.1,"2015-07-13",90.22,88.42,88.66,29976670
89.68,"2015-07-14",90.8,89.65,90.46,26627849
89.76,"2015-07-15",90.99,89.42,90.0,30886601
90.85,"2015-07-16",90.86,89.77,90.28,21804086
94.97,"2015-07-17",95.39,92.54,92.55,54001635
97.91,"2015-07-20",98.6,95.36,95.85,54860541
98.39,"2015-07-21",99.24,97.1427,98.95,39453332
97.04,"2015-07-22",97.58,95.92,96.74,28299518
95.44,"2015-07-23",97.45,94.81,96.96,29418833
96.95,"2015-07-24",97.76,95.88,97.35,33444930
94.17,"2015-07-27",96.61,93.8301,96.58,38585381
95.29,"2015-07-28",95.56,93.31,94.84,35235993
96.99,"2015-07-29",97.28,94.74,96.32,64648320
95.21,"2015-07-30",95.81,91.8,94.91,86211323
94.01,"2015-07-31",96.33,93.95,94.95,46509045
94.14,"2015-08-03",95.08,92.8,93.53,29343117
94.06,"2015-08-04",94.73,93.33,93.79,20136036
96.44,"2015-08-05",97.09,95.18,95.25,29813174
95.12,"2015-08-06",98.74,94.42,97.18,42271318
94.3,"2015-08-07",95.4,93.61,95.38,23199145
94.15,"2015-08-10",95.9,93.63,95.68,21624153
93.62,"2015-08-11",94.76,92.9006,93.73,22491031
94.19,"2015-08-12",94.44,91.19,92.7,27120375
93.43,"2015-08-13",94.73,93.35,94.05,17451768
94.42,"2015-08-14",94.72,93.21,93.54,15929656
93.93,"2015-08-17",94.46,93.39,94.42,18313531
95.17,"2015-08-18",95.85,94.04,94.08,22278848
95.31,"2015-08-19",96.1,94.161,94.63,23251271
90.56,"2015-08-20",94.77,90.46,93.54,44598224
86.06,"2015-08-21",89.18,85.61,87.52,62778680
82.09,"2015-08-24",87.14,72.0,77.03,83710727
83.0,"2015-08-25",87.67,83.0,86.95,52021230
87.19,"2015-08-26",87.46,83.26,85.95,45124302
89.73,"2015-08-27",90.06,87.19,89.1,42431375
91.01,"2015-08-28",91.48,89.792,89.88,33215885
89.43,"2015-08-31",91.05,88.89,90.6,32850666
87.23,"2015-09-01",89.39,86.5,86.85,36097370
89.89,"2015-09-02",89.89,87.63,88.81,27190527
88.15,"2015-09-03",89.82,87.73,89.76,27048198
88.26,"2015-09-04",88.39,86.7,87.2,27328667
89.53,"2015-09-08",90.24,88.83,89.69,27012543
90.44,"2015-09-09",91.98,90.17,90.78,32551123
91.98,"2015-09-10",92.06,89.63,90.07,26437398
92.05,"2015-09-11",92.08,91.13,91.68,21185049
92.31,"2015-09-14",92.62,91.6,92.31,20127871
92.9,"2015-09-15",93.25,91.79,92.37,18859351
93.45,"2015-09-16",93.6,92.63,92.9,16321193
94.34,"2015-09-17",95.51,92.9,93.37,27841803
94.4,"2015-09-18",95.19,93.05,93.2,62299984
95.55,"2015-09-21",96.49,94.52,94.62,28789973
92.96,"2015-09-22",94.68,91.92,93.77,36888893
93.97,"2015-09-23",94.32,92.8,93.4,21701427
94.41,"2015-09-24",94.765,92.24,93.06,29105964
92.77,"2015-09-25",95.85,92.06,95.79,28961622
89.21,"2015-09-28",92.29,88.18,92.08,41199870
86.67,"2015-09-29",90.06,85.72,89.1,42281838
89.9,"2015-09-30",90.02,88.01,88.44,36169146
90.95,"2015-10-01",90.95,88.36,90.05,29283652
92.07,"2015-10-02",92.2,88.37,88.9,37881652
94.01,"2015-10-05",94.27,92.66,92.94,27292517
92.8,"2015-10-06",94.17,92.34,94.08,22488275
92.4,"2015-10-07",93.66,91.37,93.11,24129277
92.47,"2015-10-08",93.22,90.47,91.89,27290523
93.24,"2015-10-09",93.74,92.239,92.9,20012911
94.26,"2015-10-12",94.6,92.67,93.32,18449562
94.12,"2015-10-13",95.37,93.55,93.66,19480347
94.07,"2015-10-14",95.2,93.61,94.08,19253351
95.96,"2015-10-15",96.3,94.9,94.99,27557516
97.54,"2015-10-16",97.59,95.35,96.18,25412856
98.47,"2015-10-19",98.57,96.92,97.18,23729924
97.0,"2015-10-20",99.59,96.56,98.73,30881777
97.11,"2015-10-21",98.18,96.47,97.37,22003730
99.67,"2015-10-22",99.73,97.55,97.79,26392075
102.19,"2015-10-23",102.85,100.16,101.91,42809661
103.77,"2015-10-26",103.81,101.55,102.2,25961212
103.7,"2015-10-27",104.1,102.4,102.94,23795472
104.2,"2015-10-28",104.48,102.92,103.9,24081515
104.88,"2015-10-29",105.12,103.52,103.96,20316691
101.97,"2015-10-30",104.72,101.65,104.51,33487104
103.31,"2015-11-02",103.47,101.18,102.46,24003944
102.58,"2015-11-03",103.65,102.4,103.22,21242341
103.94,"2015-11-04",104.14,102.48,103.19,43469308
108.76,"2015-11-05",110.65,107.95,108.8,63232861
107.095,"2015-11-06",108.74,105.91,108.04,35084342
106.49,"2015-11-09",108.25,105.86,107.0,26383540
107.91,"2015-11-10",108.15,105.24,105.96,25031681
109.01,"2015-11-11",109.87,107.11,108.27,25057099
108.02,"2015-11-12",109.39,108.0,108.48,20924674
103.95,"2015-11-13",108.25,103.83,107.71,30278403
104.04,"2015-11-16",104.17,100.47,103.32,49309167
105.13,"2015-11-17",106.2,104.14,104.62,26807230
107.77,"2015-11-18",107.88,105.39,105.8,23836526
106.26,"2015-11-19",107.73,105.95,107.36,25520599
107.32,"2015-11-20",107.87,106.62,106.84,22129648
106.95,"2015-11-23",107.468,106.08,107.19,19897220
105.74,"2015-11-24",106.49,104.39,106.0,23577293
105.41,"2015-11-25",106.6,105.1,106.33,15150785
105.45,"2015-11-27",105.96,104.86,105.78,5913066
104.24,"2015-11-30",106.0999,103.75,105.84,20383179
107.12,"2015-12-01",107.15,104.5,104.83,22781868
106.07,"2015-12-02",107.92,105.79,107.0,24429063
104.38,"2015-12-03",106.85,103.35,106.27,23236485
106.18,"2015-12-04",107.73,104.11,104.81,21224721
105.61,"2015-12-07",106.83,104.66,106.48,15474890
106.49,"2015-12-08",106.91,103.95,104.0,20401791
104.6,"2015-12-09",106.44,103.55,106.18,23517268
105.42,"2015-12-10",106.4,104.41,105.05,17454312
102.12,"2015-12-11",104.34,101.91,104.15,26427727
104.66,"2015-12-14",104.74,101.46,102.285,24813496
104.65,"2015-12-15",104.7,104.59,104.7,10775
106.79,"2015-12-16",107.09,104.19,105.37,22680547
106.22,"2015-12-17",107.75,106.13,107.49,21675686
104.04,"2015-12-18",106.59,103.97,106.08,35994199
104.77,"2015-12-21",105.15,103.6,104.91,16138786
105.51,"2015-12-22",105.6601,104.81,105.22,14597122
104.63,"2015-12-23",106.11,103.86,105.89,19599673
105.02,"2015-12-24",105.32,104.5,104.74,6512134
105.93,"2015-12-28",105.98,104.53,105.02,13069733
107.26,"2015-12-29",107.74,106.25,106.42,17179901
106.22,"2015-12-30",107.25,106.06,107.0,13115007
104.66,"2015-12-31",106.17,104.62,106.0,18391064
102.22,"2016-01-04",102.24,99.75,101.95,37912403
102.73,"2016-01-05",103.7099,101.665,102.89,23258238
102.97,"2016-01-06",103.77,100.9,101.13,25096183
97.92,"2016-01-07",101.43,97.3,100.5,45172906
97.33,"2016-01-08",100.5,97.0311,99.88,35402298
97.51,"2016-01-11",98.6,95.39,97.91,29932385
99.37,"2016-01-12",99.96,97.55,99.0,28395390
95.44,"2016-01-13",100.58,95.21,100.58,33410553
98.37,"2016-01-14",98.87,92.45,95.85,48658623
94.97,"2016-01-15",96.38,93.54,93.98,46132781
95.26,"2016-01-19",97.42,93.92,96.53,30998256
94.35,"2016-01-20",95.0,89.37,92.83,59051429
94.16,"2016-01-21",95.99,92.62,94.91,30518939
97.94,"2016-01-22",98.07,95.49,96.41,30495387
97.01,"2016-01-25",99.48,96.93,98.72,32482015
97.34,"2016-01-26",97.88,95.66,97.76,26877080
94.45,"2016-01-27",97.85,94.23,97.79,58699359
109.11,"2016-01-28",110.34,104.81,107.2,107475327
112.21,"2016-01-29",112.84,108.84,108.99,62739548
115.09,"2016-02-01",115.72,112.01,112.27,46132726
114.61,"2016-02-02",117.59,113.2,114.8,59778571
112.69,"2016-02-03",115.3407,109.75,115.27,56919324
110.49,"2016-02-04",111.94,109.25,111.8,38890199
104.07,"2016-02-05",109.58,103.18,109.51,76894741
99.75,"2016-02-08",102.68,97.46,100.41,71229746
99.54,"2016-02-09",102.4,96.82,97.14,62709018
101.0,"2016-02-10",103.25,100.24,101.55,45179370
101.91,"2016-02-11",105.11,98.88,99.6,43670634
102.01,"2016-02-12",104.24,101.09,103.74,36176760
101.61,"2016-02-16",103.93,100.24,103.8,45687224
105.2,"2016-02-17",105.72,100.4,101.94,44073369
103.47,"2016-02-18",106.0,103.03,105.8,29593508
104.57,"2016-02-19",105.02,102.06,102.55,32404516
107.16,"2016-02-22",108.25,105.34,105.49,35709714
105.46,"2016-02-23",107.47,105.12,106.85,25319315
106.88,"2016-02-24",106.95,102.74,104.21,34412437
108.07,"2016-02-25",108.07,105.61,107.11,29906278
107.92,"2016-02-26",108.1,107.9,108.06,22921
107.92,"2016-02-29",108.9101,106.75,107.6,1080
109.82,"2016-03-01",109.82,107.6,107.83,26817309
109.95,"2016-03-02",110.55,108.77,109.68,25670170
109.58,"2016-03-03",110.3,108.54,110.25,21353092
108.39,"2016-03-04",110.05,107.93,110.05,24938858
105.73,"2016-03-07",108.07,104.72,108.07,31519300
105.93,"2016-03-08",107.37,104.4,104.78,25616963
107.51,"2016-03-09",107.51,105.49,106.7,20493305
107.32,"2016-03-10",108.66,105.7699,107.91,24854284
109.41,"2016-03-11",109.42,107.92,108.48,20697553
109.0,"2016-03-14",109.46,108.45,109.46,1650
110.67,"2016-03-15",110.83,108.84,109.11,17616575
112.18,"2016-03-16",112.5,110.1,110.49,24744778
111.02,"2016-03-17",112.69,110.73,112.15,24228636
111.45,"2016-03-18",112.42,110.27,111.56,36255862
111.85,"2016-03-21",112.37,111.03,111.66,18447974
112.25,"2016-03-22",112.88,111.17,111.36,19001076
112.54,"2016-03-23",113.19,112.0,112.01,18557793
113.05,"2016-03-24",113.09,111.68,112.13,17839119
113.69,"2016-03-28",114.5889,112.95,113.32,21332717
116.14,"2016-03-29",116.32,113.64,113.83,29825340
114.7,"2016-03-30",116.99,114.355,116.73,33220095
114.7,"2016-03-31",114.7,107.96,114.7,21207526
116.06,"2016-04-01",116.17,113.35,113.75,24760504
112.55,"2016-04-04",114.55,111.61,114.07,48469829
112.22,"2016-04-05",112.55,112.55,112.55,22962365
113.71,"2016-04-06",113.81,112.42,112.47,20810609
113.64,"2016-04-07",114.89,113.0663,113.79,20707316
110.63,"2016-04-08",114.33,109.9,114.25,48497808
108.99,"2016-04-11",110.91,108.77,110.7,39762304
110.61,"2016-04-12",111.1645,108.99,109.34,26248081
110.51,"2016-04-13",112.65,106.52,112.23,88227393
110.84,"2016-04-14",112.04,110.26,110.62,28473322
109.64,"2016-04-15",110.97,109.2,110.79,20922803
110.45,"2016-04-18",110.81,109.2,109.74,21167199
112.29,"2016-04-19",112.45,109.16,111.1,30210455
112.42,"2016-04-20",113.27,111.56,112.43,21027901
113.44,"2016-04-21",114.04,112.31,112.55,20875230
110.56,"2016-04-22",111.75,109.01,111.21,38458201
110.1,"2016-04-25",110.67,109.07,109.87,21017895
108.76,"2016-04-26",110.5,108.15,110.49,22521534
108.89,"2016-04-27",108.94,106.31,107.94,52213107
116.73,"2016-04-28",120.79,116.23,119.575,87110080
117.58,"2016-04-29",117.84,115.84,116.82,37140594
118.57,"2016-05-02",118.73,116.57,117.83,28095168
117.43,"2016-05-03",118.16,117.02,117.52,24117463
118.06,"2016-05-04",118.3,116.57,116.61,23448440
117.81,"2016-05-05",118.98,117.25,118.04,22056749
119.49,"2016-05-06",119.637,117.1127,117.16,26395568
119.24,"2016-05-09",120.28,118.9,119.54,21138059
120.5,"2016-05-10",120.5,114.8,119.62,23220046
119.52,"2016-05-11",121.08,119.42,120.41,22038396
120.28,"2016-05-12",120.84,118.9,119.98,22035465
119.81,"2016-05-13",120.64,119.68,120.38,18124286
118.67,"2016-05-16",119.61,117.35,119.38,31247834
117.35,"2016-05-17",119.01,117.2,118.82,21328648
117.65,"2016-05-18",118.27,116.73,116.8,21642299
116.81,"2016-05-19",117.49,115.88,117.05,20544109
117.35,"2016-05-20",117.99,116.95,116.96,18944831
115.97,"2016-05-23",117.6,115.94,117.42,20441004
117.7,"2016-05-24",117.73,116.12,116.24,20183627
117.89,"2016-05-25",118.665,117.38,118.13,20035494
119.47,"2016-05-26",119.7601,117.92,118.24,18481340
119.38,"2016-05-27",119.85,119.01,119.56,13493563
118.81,"2016-05-31",120.1,118.121,119.46,23547597
118.78,"2016-06-01",119.08,117.82,118.5,15029494
118.93,"2016-06-02",135.6,118.22,118.69,13228310
118.47,"2016-06-03",118.98,117.86,118.975,14135114
118.79,"2016-06-06",119.43,118.36,118.62,12744676
117.76,"2016-06-07",119.3,117.67,119.24,17103023
118.39,"2016-06-08",118.6,117.27,117.76,14505596
118.56,"2016-06-09",118.68,117.71,118.13,13859240
116.62,"2016-06-10",118.11,116.26,117.54,18510826
113.95,"2016-06-13",115.48,113.31,115.0,31718239
114.94,"2016-06-14",114.95,113.58,114.07,17618479
114.6,"2016-06-15",115.44,114.07,115.3,19819432
114.39,"2016-06-16",114.5,112.94,113.87,19236255
113.02,"2016-06-17",114.43,112.56,114.42,24644308
113.37,"2016-06-20",114.72,112.75,113.77,20785390
114.38,"2016-06-21",115.2142,113.97,114.12,19166269
113.91,"2016-06-22",114.74,113.61,114.65,14846329
115.08,"2016-06-23",115.09,113.54,114.37,16176895
112.08,"2016-06-24",113.68,111.0,111.01,40643130
108.97,"2016-06-27",111.57,108.23,111.57,36409606
112.7,"2016-06-28",112.75,110.55,110.63,26813842
114.16,"2016-06-29",114.25,113.04,113.37,20968273
114.28,"2016-06-30",115.18,113.67,114.67,23192716
114.19,"2016-07-01",115.13,113.81,114.2,14980023
114.0,"2016-07-05",114.11,112.97,113.94,14207037
116.7,"2016-07-06",116.79,112.97,113.36,24337586
115.85,"2016-07-07",116.97,115.36,116.63,16630201
117.24,"2016-07-08",117.5,115.85,116.43,18142597
117.87,"2016-07-11",118.7,117.5,117.71,17711570
117.93,"2016-07-12",118.72,117.57,118.63,15217700
116.78,"2016-07-13",118.4,116.68,118.39,16207662
117.29,"2016-07-14",117.64,116.7,117.5,14579736
116.86,"2016-07-15",118.28,116.58,117.74,16645964
119.37,"2016-07-18",119.61,116.89,117.32,20868367
120.61,"2016-07-19",120.85,118.66,118.99,21541292
121.92,"2016-07-20",122.2,120.56,121.25,20046452
120.61,"2016-07-21",122.1,120.25,121.92,17801663
121.0,"2016-07-22",121.01,119.31,119.9,18422410
121.63,"2016-07-25",121.85,117.78,121.39,18487449
121.22,"2016-07-26",122.07,120.75,122.0,17611964
123.34,"2016-07-27",125.0,121.51,122.42,52654239
125.0,"2016-07-28",128.33,123.63,127.52,78955758
123.94,"2016-07-29",125.84,123.71,124.65,35058803
124.31,"2016-08-01",124.58,122.86,123.85,25006850
123.09,"2016-08-02",124.8,122.07,124.06,23968414
122.51,"2016-08-03",123.92,122.31,123.09,18525332
124.36,"2016-08-04",124.79,122.51,122.94,21065974
125.15,"2016-08-05",125.835,124.6184,124.98,20184035
125.26,"2016-08-08",125.45,124.55,125.25,15233929
125.06,"2016-08-09",126.09,124.53,125.34,19620967
124.88,"2016-08-10",125.48,124.54,125.07,10670148
124.9,"2016-08-11",125.38,124.75,125.2,11729519
124.88,"2016-08-12",125.0,124.18,124.7,12158955
123.9,"2016-08-15",124.92,123.7,124.91,19295130
123.3,"2016-08-16",123.92,122.78,123.5,14222410
124.37,"2016-08-17",124.38,122.85,123.66,13794179
123.91,"2016-08-18",124.26,123.64,124.01,12400816
123.56,"2016-08-19",124.157,123.28,123.6,11688265
124.15,"2016-08-22",124.83,123.11,123.33,14386361
124.37,"2016-08-23",125.09,124.25,124.51,13309452
123.48,"2016-08-24",124.69,123.09,124.47,12243719
123.89,"2016-08-25",124.37,123.1,123.12,10730811
124.96,"2016-08-26",125.19,123.91,124.05,17504825
126.54,"2016-08-29",126.73,124.35,124.35,15925900
125.84,"2016-08-30",126.6,125.15,126.6,17804286
126.12,"2016-08-31",126.22,125.1,125.6,14200636
126.17,"2016-09-01",126.63,125.6,126.38,13536125
126.51,"2016-09-02",126.86,126.0,126.85,12118773
129.73,"2016-09-06",129.94,126.47,126.67,26278407
131.05,"2016-09-07",131.98,129.95,130.04,27990796
130.27,"2016-09-08",131.08,129.81,130.92,15676595
127.1,"2016-09-09",129.949,127.1,129.71,27100679
128.69,"2016-09-12",128.76,125.75,125.96,21252752
127.21,"2016-09-13",128.35,126.66,128.03,18016152
127.77,"2016-09-14",128.8,126.89,126.89,15720388
128.35,"2016-09-15",129.1,127.67,127.98,15111838
129.07,"2016-09-16",129.18,128.2,128.2,24119174
128.65,"2016-09-19",129.94,128.26,129.91,14958794
128.64,"2016-09-20",129.17,128.0307,128.65,11083808
129.94,"2016-09-21",130.005,128.39,129.13,14068336
130.08,"2016-09-22",130.73,129.56,130.5,15538307
127.96,"2016-09-23",128.6,127.3,127.56,28326266
127.31,"2016-09-26",128.16,126.8,127.37,15064940
128.69,"2016-09-27",129.01,127.43,127.61,15637111
129.23,"2016-09-28",129.47,128.4,129.21,12047636
128.09,"2016-09-29",129.29,127.55,129.18,14532241
128.27,"2016-09-30",128.59,127.45,128.03,18402945
128.77,"2016-10-03",129.09,127.8,128.38,13156943
128.19,"2016-10-04",129.2765,127.5499,129.17,14307548
128.47,"2016-10-05",128.8,127.83,128.25,12386753
128.74,"2016-10-06",129.06,128.08,128.43,11682729
128.99,"2016-10-07",129.25,128.33,129.04,12804420
130.24,"2016-10-10",130.7,129.2,129.68,15138720
128.88,"2016-10-11",130.64,128.23,130.23,17537928
129.05,"2016-10-12",129.66,128.46,129.01,11072991
127.82,"2016-10-13",128.25,126.75,128.21,17139306
127.88,"2016-10-14",128.95,127.58,128.49,13345292
127.54,"2016-10-17",128.47,127.32,128.2,11351681
128.57,"2016-10-18",129.39,128.01,128.68,13503967
130.11,"2016-10-19",130.47,128.6,128.74,16752321
130.0,"2016-10-20",130.66,129.5,130.07,13167503
132.07,"2016-10-21",132.13,129.7,129.78,19088794
133.28,"2016-10-24",133.405,132.15,132.72,17470227
132.29,"2016-10-25",133.5,132.22,133.5,13344187
131.04,"2016-10-26",132.26,130.935,131.64,13084731
129.69,"2016-10-27",131.8,129.27,131.74,16741393
131.29,"2016-10-28",132.97,129.93,130.5,24545547
130.99,"2016-10-31",132.12,130.8835,132.01,15668982
129.5,"2016-11-01",131.94,128.65,131.41,22219154
127.17,"2016-11-02",130.23,126.28,130.23,50190225
120.0,"2016-11-03",123.28,119.5,122.0,63766259
120.75,"2016-11-04",121.93,119.25,119.59,30545466
122.15,"2016-11-07",123.2089,121.35,122.83,23008880
124.22,"2016-11-08",124.61,121.54,122.03,19460768
123.18,"2016-11-09",123.81,120.51,122.14,31916020
120.8,"2016-11-10",124.18,115.27,123.93,67846704
119.02,"2016-11-11",120.7,118.15,119.53,32840137
115.08,"2016-11-14",119.1256,113.5535,119.1256,51377040
117.2,"2016-11-15",118.49,115.83,116.73,34681369
116.34,"2016-11-16",117.88,114.21,114.48,32397947
117.79,"2016-11-17",117.79,116.01,116.81,18597766
117.02,"2016-11-18",119.13,116.84,118.39,22879303
121.77,"2016-11-21",121.95,117.8,118.2,35415366
121.47,"2016-11-22",122.98,120.9,122.4,26089163
120.84,"2016-11-23",121.31,119.94,121.23,15672136
120.38,"2016-11-25",121.14,120.07,121.01,8658605
120.41,"2016-11-28",121.69,119.82,120.12,18101314
120.87,"2016-11-29",122.1,120.4,120.57,18890956
118.42,"2016-11-30",121.79,117.95,120.32,30188922
115.1,"2016-12-01",118.45,114.0,118.38,43276994
115.4,"2016-12-02",116.48,114.3,115.11,25070364
117.43,"2016-12-05",117.57,115.07,115.95,20212418
117.31,"2016-12-06",117.795,116.33,117.69,19131202
117.95,"2016-12-07",117.95,116.57,117.0,21913658
118.91,"2016-12-08",119.5,117.64,117.98,22442756
119.68,"2016-12-09",119.94,118.95,119.22,17464736
117.77,"2016-12-12",119.24,117.65,119.22,17805527
120.31,"2016-12-13",121.52,117.61,117.86,29768028
120.21,"2016-12-14",121.69,118.85,120.0,25913095
120.57,"2016-12-15",122.5,119.63,120.08,20139568
119.87,"2016-12-16",121.5,119.27,120.9,25324299
119.24,"2016-12-19",120.36,118.51,119.85,15918146
119.09,"2016-12-20",119.77,118.8,119.5,13684402
119.04,"2016-12-21",119.2,118.48,118.92,10767646
117.4,"2016-12-22",118.99,116.93,118.86,16258587
117.27,"2016-12-23",117.56,116.3,117.0,10889985
118.01,"2016-12-27",118.68,116.864,116.96,12051481
116.92,"2016-12-28",118.25,116.65,118.19,12087377
116.35,"2016-12-29",117.531,116.06,117.0,9934873
115.05,"2016-12-30",116.83,114.7739,116.595,18684106
116.86,"2017-01-03",117.84,115.51,116.03,20663912
118.69,"2017-01-04",119.66,117.29,117.55,19630932
120.67,"2017-01-05",120.95,118.3209,118.86,19492150
123.41,"2017-01-06",123.88,120.03,120.98,28545263
124.9,"2017-01-09",125.43,123.04,123.55,22880360
124.35,"2017-01-10",125.5,124.28,124.82,17324590
126.09,"2017-01-11",126.12,124.06,124.35,18356523
126.62,"2017-01-12",126.73,124.8,125.61,18653914
128.34,"2017-01-13",129.27,127.37,127.49,24884325
127.87,"2017-01-17",128.34,127.4,128.04,15294460
127.92,"2017-01-18",128.43,126.84,128.41,13145852
127.55,"2017-01-19",128.35,127.45,128.23,12195465
127.04,"2017-01-20",128.48,126.78,128.1,19097223
128.93,"2017-01-23",129.25,126.95,127.31,16593563
129.37,"2017-01-24",129.9,128.38,129.38,15162724
131.48,"2017-01-25",131.74,129.77,130.0,18777314
132.78,"2017-01-26",133.14,131.4401,131.63,20020141
132.18,"2017-01-27",132.95,131.08,132.68,19539514
130.98,"2017-01-30",131.58,129.6,131.58,18956095
130.32,"2017-01-31",130.66,129.5157,130.17,19790484
133.23,"2017-02-01",133.49,130.68,132.25,50139775
130.84,"2017-02-02",135.49,130.4,133.22,54366447
130.98,"2017-02-03",132.85,130.76,131.24,24804890
132.06,"2017-02-06",132.06,130.3,130.98,17058494
131.84,"2017-02-07",133.0,131.661,132.24,14596449
134.2,"2017-02-08",134.44,132.44,132.6,22390556
134.14,"2017-02-09",134.5,133.31,134.49,16470609
134.19,"2017-02-10",134.94,133.68,134.1,15061939
134.05,"2017-02-13",134.6975,133.7,134.6975,13526221
133.85,"2017-02-14",134.23,132.55,134.1,14364877
133.44,"2017-02-15",133.7,132.66,133.45,13226534
133.84,"2017-02-16",133.87,133.022,133.07,12831092
133.53,"2017-02-17",134.0912,133.17,133.5,12276490
133.72,"2017-02-21",133.91,132.9,133.5,14759109
136.12,"2017-02-22",136.79,133.46,133.6,27360092
135.36,"2017-02-23",136.12,134.33,135.89,18422549
135.44,"2017-02-24",135.62,134.16,134.16,12625742
136.41,"2017-02-27",137.1846,135.02,135.26,14306668
135.54,"2017-02-28",136.805,134.75,136.79,16112092
137.42,"2017-03-01",137.48,136.3,136.47,16257010
136.76,"2017-03-02",137.82,136.31,137.09,12294804
137.17,"2017-03-03",137.33,136.08,136.63,11160563
137.42,"2017-03-06",137.83,136.51,136.88,12748179
137.3,"2017-03-07",138.37,136.99,137.03,13527132
137.72,"2017-03-08",137.99,137.0516,137.15,10184514
138.24,"2017-03-09",138.57,137.4,137.72,15535259
138.79,"2017-03-10",139.49,138.22,138.91,16314113
139.6,"2017-03-13",139.68,138.6729,138.71,10955450
139.32,"2017-03-14",139.46,138.52,139.46,12944018
139.72,"2017-03-15",140.1,138.49,139.29,19344826
139.99,"2017-03-16",140.25,139.73,140.2,13612942
139.84,"2017-03-17",140.34,139.7,140.34,20592818
139.94,"2017-03-20",140.19,139.25,139.71,12099471
138.51,"2017-03-21",142.3082,138.4,141.15,29894784
139.59,"2017-03-22",139.79,137.6,137.93,17055449
139.53,"2017-03-23",140.39,139.09,139.48,13022801
140.34,"2017-03-24",141.0244,139.76,140.08,16664683
140.32,"2017-03-27",140.65,138.77,139.05,12800544
141.76,"2017-03-28",141.95,140.01,140.36,14679436
142.65,"2017-03-29",142.86,141.43,141.99,16527574
142.41,"2017-03-30",142.95,141.85,142.4,12403997
142.05,"2017-03-31",142.63,141.89,142.31,11478265
142.28,"2017-04-03",142.47,140.82,141.93,13563960
141.73,"2017-04-04",142.09,141.27,141.86,12948599
141.85,"2017-04-05",143.44,141.29,142.26,17158059
141.17,"2017-04-06",142.22,140.91,142.11,15103426
140.78,"2017-04-07",141.55,140.24,141.2,11818341
141.04,"2017-04-10",141.43,140.63,141.0,9039366
139.92,"2017-04-11",141.0299,138.81,140.8,16638087
139.58,"2017-04-12",140.4,139.44,139.72,11612456
139.39,"2017-04-13",140.58,139.33,139.62,10965614
141.42,"2017-04-17",141.55,139.75,139.76,11519663
140.96,"2017-04-18",141.905,140.61,141.27,14807472
142.27,"2017-04-19",143.04,141.27,141.35,15563945
143.8,"2017-04-20",144.25,142.689,142.95,15968164
143.68,"2017-04-21",144.17,142.27,143.9,12382002
145.47,"2017-04-24",145.6738,144.34,144.96,14407175
146.49,"2017-04-25",147.15,145.7898,145.79,17767523
146.56,"2017-04-26",147.59,146.09,147.09,12394959
147.7,"2017-04-27",147.75,146.14,146.67,11275112
150.25,"2017-04-28",151.53,149.07,149.5,30652248
152.46,"2017-05-01",152.57,151.42,151.74,25218300
152.78,"2017-05-02",153.44,151.66,153.34,21870380
151.8,"2017-05-03",153.6,151.34,153.6,29782492
150.85,"2017-05-04",151.52,148.72,150.17,36225452
150.24,"2017-05-05",151.63,149.79,151.45,17148543
151.06,"2017-05-08",151.08,149.74,150.71,15827488
150.48,"2017-05-09",152.59,150.21,151.49,17453859
150.29,"2017-05-10",150.52,148.86,150.23,12080650
150.04,"2017-05-11",150.65,149.41,150.31,11841864
150.33,"2017-05-12",150.46,149.63,150.4,9598229
150.19,"2017-05-15",151.48,149.77,150.17,15064664
149.78,"2017-05-16",150.21,149.03,150.11,14550830
144.85,"2017-05-17",148.67,144.4216,148.0,28300050
147.66,"2017-05-18",148.15,144.51,144.72,23031566
148.06,"2017-05-19",149.39,147.96,148.445,16187892
148.24,"2017-05-22",148.59,147.69,148.08,12586712
148.07,"2017-05-23",148.81,147.25,148.52,12817837
150.04,"2017-05-24",150.23,148.42,148.51,17940668
151.96,"2017-05-25",152.59,149.95,150.3,19891352
152.13,"2017-05-26",152.25,151.15,152.23,14996185
152.38,"2017-05-30",152.9,151.64,151.97,13226007
151.46,"2017-05-31",153.35,151.09,152.7,18023917
151.53,"2017-06-01",152.29,150.3,151.75,14530600
153.61,"2017-06-02",153.63,151.3,151.85,16854365
153.63,"2017-06-05",154.7088,153.41,153.64,12520387
152.81,"2017-06-06",154.52,152.48,153.41,13457119
153.12,"2017-06-07",153.75,152.34,153.27,12066657
154.71,"2017-06-08",154.73,153.1,154.08,17799449
149.6,"2017-06-09",155.59,146.61,154.77,35577676
148.44,"2017-06-12",149.195,144.56,148.17,33170180
150.68,"2017-06-13",151.18,148.9,150.15,20483350
150.25,"2017-06-14",152.4,149.05,151.26,20808759
149.8,"2017-06-15",150.0366,146.3747,147.67,18994152
150.64,"2017-06-16",150.83,148.6,149.59,22882417
152.87,"2017-06-19",153.57,151.71,151.71,19026462
152.25,"2017-06-20",153.84,152.21,152.88,14743853
153.91,"2017-06-21",154.08,151.88,152.36,15039834
153.4,"2017-06-22",154.55,152.91,153.01,13005535
155.07,"2017-06-23",155.2,152.65,152.72,18026977
153.59,"2017-06-26",156.5,153.1954,156.25,18049651
150.58,"2017-06-27",153.31,150.39,152.84,19360766
153.24,"2017-06-28",153.47,149.86,150.92,16719104
151.04,"2017-06-29",152.5,148.9175,152.28,23973482
150.98,"2017-06-30",151.92,150.06,151.9,17666022
148.43,"2017-07-03",152.15,147.8,151.72,13862735
150.34,"2017-07-05",150.85,148.13,149.0,14334290
148.82,"2017-07-06",150.04,148.0,149.03,14951802
151.44,"2017-07-07",151.99,149.19,149.25,13615931
153.5,"2017-07-10",153.98,151.51,151.69,13378672
155.27,"2017-07-11",155.4225,152.91,153.37,13667744
158.9,"2017-07-12",159.16,156.2,156.49,22739388
159.26,"2017-07-13",159.78,158.4227,158.74,13929236
159.97,"2017-07-14",160.32,159.3254,160.13,16371207
159.73,"2017-07-17",160.78,158.81,160.25,12858836
162.86,"2017-07-18",163.73,159.42,159.66,23722910
164.14,"2017-07-19",165.7,163.17,163.59,26273642
164.53,"2017-07-20",165.0,162.81,164.8,18523107
164.43,"2017-07-21",165.05,163.75,164.16,14744002
166.0,"2017-07-24",166.17,164.31,164.64,17366971
165.28,"2017-07-25",165.54,163.8619,165.01,15383241
165.61,"2017-07-26",166.01,164.1,166.01,35236867
170.44,"2017-07-27",175.49,167.5,174.7,68910708
172.45,"2017-07-28",173.43,169.05,169.07,24557553
169.25,"2017-07-31",172.72,168.55,172.0,25478945
169.86,"2017-08-01",170.47,169.05,169.82,14384957
169.3,"2017-08-02",170.55,166.91,170.3,17433774
168.59,"2017-08-03",169.7,168.25,169.3,10793841
169.62,"2017-08-04",170.06,168.69,168.97,10777727
171.98,"2017-08-07",172.06,169.66,169.95,12787844
171.23,"2017-08-08",173.05,170.62,171.88,14393524
171.18,"2017-08-09",171.45,169.56,169.98,10814984
167.4,"2017-08-10",170.59,166.85,170.06,20832746
168.08,"2017-08-11",168.82,166.85,167.95,13791153
170.75,"2017-08-14",171.08,169.29,170.09,12954231
171.0,"2017-08-15",171.5,170.01,171.49,8729172
170.0,"2017-08-16",171.38,169.24,171.25,15779924
166.91,"2017-08-17",169.86,166.85,169.34,17216030
167.41,"2017-08-18",168.67,166.21,166.84,15093638
167.78,"2017-08-21",168.0,165.82,167.16,11907488
169.64,"2017-08-22",169.87,167.15,168.28,11390975
168.71,"2017-08-23",169.36,168.2,168.84,9856473
167.74,"2017-08-24",169.29,166.41,168.88,14030420
166.32,"2017-08-25",168.38,166.18,167.86,12614477
167.24,"2017-08-28",167.7,166.33,166.91,8553741
168.05,"2017-08-29",168.425,165.0,165.25,11120986
169.92,"2017-08-30",170.18,167.63,168.17,11138293
171.97,"2017-08-31",172.145,170.06,170.4,17226465
172.02,"2017-09-01",172.915,171.31,172.4,11677589
170.72,"2017-09-05",172.3875,169.55,171.27,13221127
172.09,"2017-09-06",172.48,169.57,170.91,13906342
173.21,"2017-09-07",173.3067,170.27,171.94,18049527
170.95,"2017-09-08",173.49,170.8,173.09,10998459
173.51,"2017-09-11",173.89,172.2,172.4,12372040
172.96,"2017-09-12",174.0,171.75,173.76,11186328
173.05,"2017-09-13",173.17,172.06,173.01,9119295
170.96,"2017-09-14",172.28,170.5,172.26,15615654
171.64,"2017-09-15",172.34,170.26,170.88,15660539
170.01,"2017-09-18",172.07,169.34,171.99,12954013
172.52,"2017-09-19",172.56,170.36,170.62,13168595
172.17,"2017-09-20",173.05,170.7,172.5,12264125
171.11,"2017-09-21",172.27,170.01,171.69,11161412
170.54,"2017-09-22",171.73,169.22,170.21,12097138
162.87,"2017-09-25",169.3,161.56,169.24,41251583
164.21,"2017-09-26",165.5,162.78,164.5,23363335
167.68,"2017-09-27",168.34,165.57,165.9,19242548
168.73,"2017-09-28",169.0696,167.16,167.94,12178747
170.87,"2017-09-29",171.66,168.81,168.83,15340366
169.47,"2017-10-02",171.87,168.75,171.39,13392280
169.96,"2017-10-03",170.73,169.2,169.3,8190273
168.42,"2017-10-04",170.67,168.29,169.83,12127887
171.24,"2017-10-05",171.31,168.6,169.18,14580628
172.23,"2017-10-06",172.37,169.75,170.25,13124473
172.5,"2017-10-09",174.88,172.0,172.7,14570413
171.59,"2017-10-10",173.2,170.8,173.0,11341081
172.74,"2017-10-11",172.78,171.4,171.95,11283663
172.55,"2017-10-12",173.85,172.29,172.61,10351044
173.74,"2017-10-13",174.65,173.2,173.45,13658307
174.52,"2017-10-16",175.0,174.06,174.49,11498752
176.11,"2017-10-17",176.13,174.36,174.71,15990079
176.03,"2017-10-18",176.74,175.75,176.65,12752351
174.56,"2017-10-19",176.03,172.63,174.93,14048350
174.98,"2017-10-20",175.88,174.63,175.5,12602238
171.27,"2017-10-23",175.34,171.25,175.2,13852658
171.8,"2017-10-24",173.24,171.5,172.3,12267913
170.6,"2017-10-25",172.25,168.89,171.9,15868197
170.63,"2017-10-26",172.285,170.39,171.38,11833141
177.88,"2017-10-27",178.21,173.9,174.15,30285281
179.87,"2017-10-30",180.69,177.61,179.26,24353160
180.06,"2017-10-31",180.8,178.94,180.57,20174231
182.66,"2017-11-01",182.9,180.57,182.36,40918341
178.92,"2017-11-02",181.94,177.34,180.63,35529893
178.92,"2017-11-03",179.86,176.71,179.29,17822131
180.17,"2017-11-06",180.45,178.31,178.56,13312741
180.25,"2017-11-07",180.7478,178.96,180.5,12928182
179.56,"2017-11-08",180.35,179.11,179.79,10494149
179.3,"2017-11-09",179.4,177.09,178.31,12610335
178.46,"2017-11-10",179.0999,177.96,178.35,11070189
178.77,"2017-11-13",179.04,177.3,177.5,9523447
178.07,"2017-11-14",178.97,177.18,178.13,9585868
177.95,"2017-11-15",178.57,176.4,176.66,10253667
179.59,"2017-11-16",179.83,178.5,178.76,15607582
179.0,"2017-11-17",179.98,178.9,179.3,13017980
178.74,"2017-11-20",179.5,178.1,178.87,10052391
181.86,"2017-11-21",181.89,178.99,179.15,14503990
180.87,"2017-11-22",181.73,180.44,181.3,10376329
182.78,"2017-11-24",183.15,180.29,180.4,9426283
183.03,"2017-11-27",183.73,181.99,182.56,12344516
182.42,"2017-11-28",184.25,182.09,183.51,14379674
175.13,"2017-11-29",181.97,174.0,181.89,41933484
177.18,"2017-11-30",178.275,175.2,176.85,25307601
175.1,"2017-12-01",177.48,172.34,176.03,20182523
171.47,"2017-12-04",176.57,170.79,176.29,24459422
172.83,"2017-12-05",175.38,169.01,170.45,20184908
176.06,"2017-12-06",176.77,171.9,172.5,20255846
180.14,"2017-12-07",180.39,175.8,175.8,20404533
179.0,"2017-12-08",182.28,178.7401,181.53,19883764
179.04,"2017-12-11",180.22,178.8,179.3,13168575
176.96,"2017-12-12",179.18,176.6,178.6,16854098
178.3,"2017-12-13",179.16,177.25,177.3,14615718
178.39,"2017-12-14",180.3601,177.68,178.29,13590999
180.18,"2017-12-15",180.4934,178.36,179.02,28463101
180.82,"2017-12-18",181.3,179.75,181.01,17265376
179.51,"2017-12-19",180.08,178.22,179.95,14920582
177.89,"2017-12-20",179.81,177.36,179.81,11860497
177.45,"2017-12-21",178.68,177.05,177.94,11600700
177.2,"2017-12-22",177.53,176.23,177.14,8509451
175.99,"2017-12-26",177.0,174.67,176.63,8897286
177.62,"2017-12-27",178.44,176.26,176.55,9496071
177.92,"2017-12-28",178.9367,177.68,177.95,12220760
176.46,"2017-12-29",178.85,176.46,178.0,10261456
181.42,"2018-01-02",181.58,177.55,177.68,18151903
184.67,"2018-01-03",184.78,181.33,181.88,16886563
184.33,"2018-01-04",186.21,184.0996,184.9,13880896
186.85,"2018-01-05",186.9,184.93,185.59,13574535
188.28,"2018-01-08",188.9,186.33,187.2,17994726
187.87,"2018-01-09",188.8,187.1,188.7,12393057
187.84,"2018-01-10",187.89,185.63,186.94,10529894
187.77,"2018-01-11",188.4,187.38,188.4,9588587
179.37,"2018-01-12",181.48,177.4,178.06,77551299
178.39,"2018-01-16",181.75,178.04,181.5,36183842
177.6,"2018-01-17",179.32,175.8,179.26,27992376
179.8,"2018-01-18",180.98,177.08,178.13,23304901
181.29,"2018-01-19",182.37,180.1702,180.85,26826540
185.37,"2018-01-22",185.39,180.41,180.8,21059464
189.35,"2018-01-23",189.55,185.55,186.05,25678781
186.55,"2018-01-24",190.66,186.52,189.89,24334548
187.48,"2018-01-25",188.62,186.6,187.95,17377740
190.0,"2018-01-26",190.0,186.81,187.75,17759212
185.98,"2018-01-29",188.84,185.6301,188.75,20453172
187.12,"2018-01-30",188.18,181.84,183.01,20858556
186.89,"2018-01-31",189.83,185.22,188.37,43275144
193.09,"2018-02-01",195.32,187.89,188.22,54211293
190.28,"2018-02-02",194.21,189.98,192.04,26677484
181.26,"2018-02-05",190.61,180.61,186.93,33128206
185.31,"2018-02-06",185.77,177.74,178.57,37758505
180.18,"2018-02-07",185.0817,179.95,184.15,27601886
171.58,"2018-02-08",181.84,171.4815,181.01,38478321
176.11,"2018-02-09",176.9,167.18,174.76,39887626
176.41,"2018-02-12",177.545,171.84,177.06,32092133
173.15,"2018-02-13",175.97,173.1,175.62,21809350
179.52,"2018-02-14",179.81,173.2119,173.45,28929704
179.96,"2018-02-15",180.5,176.84,180.5,20922120
177.36,"2018-02-16",179.88,176.3,178.99,21015610
176.01,"2018-02-20",177.95,175.11,175.77,21204921
177.91,"2018-02-21",181.27,176.4,176.71,23200804
178.99,"2018-02-22",180.21,177.41,178.7,18464192
183.29,"2018-02-23",183.39,179.51,179.9,19007288
184.93,"2018-02-26",185.66,183.2228,184.58,17599703
181.46,"2018-02-27",184.7,181.46,184.45,15849806
178.32,"2018-02-28",182.88,178.14,182.3,18783039
175.94,"2018-03-01",180.12,174.41,179.01,23201626
176.62,"2018-03-02",177.11,172.99,173.29,20025905
180.4,"2018-03-05",181.1475,175.89,176.2,16189280
179.78,"2018-03-06",182.38,179.11,181.78,15086784
183.71,"2018-03-07",183.82,178.07,178.74,19097293
182.34,"2018-03-08",184.4,181.45,183.56,17225946
185.23,"2018-03-09",185.51,183.21,183.91,18526292
184.76,"2018-03-12",186.1,184.22,185.23,15301229
181.88,"2018-03-13",185.99,181.11,185.61,18067477
184.19,"2018-03-14",184.25,181.85,182.6,16821728
183.86,"2018-03-15",184.0,182.19,183.24,15645035
185.09,"2018-03-16",185.33,183.41,184.49,24403438
172.56,"2018-03-19",177.17,170.06,177.01,88140060
168.15,"2018-03-20",170.2,161.95,167.47,129851768
169.39,"2018-03-21",173.4,163.3,164.8,106598834
164.89,"2018-03-22",170.27,163.72,166.13,73742979
159.39,"2018-03-23",167.1,159.02,165.44,53609706
160.06,"2018-03-26",161.1,149.02,160.82,126116634
152.22,"2018-03-27",162.85,150.75,156.31,79116995
153.03,"2018-03-28",155.88,150.8,151.65,60029170
159.79,"2018-03-29",161.42,154.14,155.15,59434293
155.39,"2018-04-02",159.2,154.111,157.81,36795991
156.11,"2018-04-03",157.39,150.81,156.55,42543865
155.1,"2018-04-04",155.56,150.51,152.025,49885584
159.34,"2018-04-05",161.575,156.65,161.56,41449609
157.2,"2018-04-06",161.42,156.81,157.73,41644812
157.93,"2018-04-09",160.53,156.04,157.82,34915227
165.04,"2018-04-10",165.98,157.01,157.93,58947041
166.32,"2018-04-11",168.65,163.25,165.36,56144633
163.87,"2018-04-12",167.45,163.1,166.98,38262956
164.52,"2018-04-13",165.7036,163.77,164.58,19990561
164.83,"2018-04-16",165.78,163.39,165.7249,18119435
168.66,"2018-04-17",169.0,165.66,165.83,22743029
166.36,"2018-04-18",168.12,165.77,166.88,20969568
168.1,"2018-04-19",168.33,165.2,166.2,22234961
166.28,"2018-04-20",168.43,165.81,167.79,19119438
165.84,"2018-04-23",168.45,165.09,167.27,23088102
159.69,"2018-04-24",166.1,158.19,165.43,35079926
159.69,"2018-04-25",161.06,156.19,160.1448,41083581
174.16,"2018-04-26",176.27,170.8,173.22,77556934
173.59,"2018-04-27",177.1,172.6,176.81,29804657
172.0,"2018-04-30",175.72,171.71,173.79,20750478
173.86,"2018-05-01",174.02,170.23,172.0,26025932
176.07,"2018-05-02",178.08,174.2,174.246,30424450
174.02,"2018-05-03",176.12,172.12,175.13,24026071
176.61,"2018-05-04",176.98,173.06,173.08,17677844
177.97,"2018-05-07",179.5,177.17,177.35,18697195
178.92,"2018-05-08",179.04,177.11,178.25,15577211
182.66,"2018-05-09",183.01,178.7807,179.67,23282811
185.53,"2018-05-10",186.1292,182.5,183.15,21071403
186.99,"2018-05-11",188.32,184.18,184.85,21207848
186.64,"2018-05-14",187.86,186.2,187.71,15646744
184.32,"2018-05-15",185.29,183.2,184.88,15429433
183.2,"2018-05-16",184.32,182.66,183.6952,16975495
183.76,"2018-05-17",184.06,182.22,182.68,14840675
182.68,"2018-05-18",184.19,182.61,183.49,13130451
184.49,"2018-05-21",185.3,183.13,183.77,13532864
183.8,"2018-05-22",185.42,183.43,184.93,12731419
186.9,"2018-05-23",186.91,182.18,182.5,16628100
185.93,"2018-05-24",186.8,185.03,185.88,12354742
184.92,"2018-05-25",186.33,184.45,186.02,10965061
185.74,"2018-05-29",186.81,183.71,184.34,16398937
187.67,"2018-05-30",188.0,185.25,186.54,13736866
191.78,"2018-05-31",192.72,187.48,187.87,30782631
193.99,"2018-06-01",194.5492,192.07,193.065,17307245
193.28,"2018-06-04",193.98,191.47,191.84,18939795
192.94,"2018-06-05",195.0,192.62,194.3,15544294
191.34,"2018-06-06",192.53,189.11,191.0252,22558920
188.18,"2018-06-07",190.97,186.77,190.75,21503171
189.1,"2018-06-08",189.4754,186.43,187.53,12677092
191.54,"2018-06-11",192.6,188.8,188.81,12928907
192.4,"2018-06-12",193.28,191.56,192.17,11562704
192.41,"2018-06-13",194.5,191.91,192.74,15853821
196.81,"2018-06-14",197.28,192.91,193.1,19120866
195.85,"2018-06-15",197.07,194.64,195.79,21860931
198.31,"2018-06-18",199.58,194.13,194.8,16826023
197.49,"2018-06-19",197.96,193.79,196.2352,19993996
202.0,"2018-06-20",203.55,198.805,199.1,28230933
201.5,"2018-06-21",203.39,200.09,202.76,19045717
201.74,"2018-06-22",202.24,199.31,201.16,17420188
196.35,"2018-06-25",200.0,193.11,200.0,25275137
199.0,"2018-06-26",199.1,196.23,197.6,17897576
195.84,"2018-06-27",200.75,195.8,199.18,18734408
196.23,"2018-06-28",197.34,193.26,195.18,18172439
194.32,"2018-06-29",197.5997,193.955,197.32,15811602
197.36,"2018-07-02",197.45,192.22,193.37,13961578
192.73,"2018-07-03",195.4,192.52,194.55,13489514
198.45,"2018-07-05",198.65,194.03,194.74,19684193
203.23,"2018-07-06",203.64,197.7,198.45,19740131
204.74,"2018-07-09",205.8,202.1201,204.93,18149437
203.54,"2018-07-10",204.91,202.26,204.5,13190067
202.54,"2018-07-11",204.5,201.75,202.22,12927377
206.92,"2018-07-12",207.08,203.19,203.43,15454706
207.32,"2018-07-13",208.43,206.45,207.81,11503401
207.23,"2018-07-16",208.72,206.84,207.5,11078209
209.99,"2018-07-17",210.46,204.84,204.9,15349892
209.36,"2018-07-18",210.99,208.44,209.82,15334907
208.09,"2018-07-19",209.99,207.76,208.77,11350429
209.94,"2018-07-20",211.5,208.5,208.85,16241508
210.91,"2018-07-23",211.62,208.8,210.58,16731969
214.67,"2018-07-24",216.2,212.6,215.11,28468681
217.5,"2018-07-25",218.62,214.27,215.715,64592585
176.26,"2018-07-26",180.13,173.75,174.89,169803670
174.89,"2018-07-27",179.93,173.0,179.87,60073749
171.06,"2018-07-30",175.3,166.56,175.3,65280787
172.58,"2018-07-31",174.24,170.0,170.67,40356471
171.65,"2018-08-01",175.08,170.9,173.93,34042109
176.37,"2018-08-02",176.79,170.27,170.68,32399954
177.78,"2018-08-03",178.85,176.15,177.69,24763434
185.69,"2018-08-06",185.79,178.38,178.97,49716192
183.81,"2018-08-07",188.3,183.72,186.5,33398562
185.18,"2018-08-08",186.85,183.76,184.75,22205230
183.09,"2018-08-09",186.57,182.48,185.8492,19732120
180.26,"2018-08-10",182.1,179.42,182.04,21500410
180.05,"2018-08-13",182.61,178.9,180.1,17423264
181.11,"2018-08-14",181.99,178.62,180.71,19101995
179.53,"2018-08-15",180.87,174.78,179.34,33020231
174.7,"2018-08-16",180.5,174.01,180.42,31351784
173.8,"2018-08-17",176.22,172.04,174.5,24893176
172.5,"2018-08-20",174.57,170.91,174.04,21518006
172.62,"2018-08-21",174.17,171.39,172.81,19578514
173.64,"2018-08-22",174.24,172.13,172.21,16894083
172.9,"2018-08-23",175.55,172.83,173.09,18053567
174.645,"2018-08-24",174.82,172.92,173.7,14631556
177.46,"2018-08-27",178.67,175.79,175.99,17921935
176.26,"2018-08-28",178.2399,175.83,178.1,15910675
175.9,"2018-08-29",176.79,174.75,176.295,18678301
177.64,"2018-08-30",179.7901,175.7,175.9,24216532
175.73,"2018-08-31",177.62,174.9815,177.15,18065159
171.16,"2018-09-04",173.89,168.8,173.5,29808971
167.18,"2018-09-05",171.125,166.67,169.49,31226744
162.53,"2018-09-06",166.98,160.0,166.98,41514834
163.04,"2018-09-07",164.6269,160.16,160.31,24300600
164.18,"2018-09-10",165.01,162.16,163.51,20197680
165.94,"2018-09-11",167.19,163.72,163.94,20457088
162.0,"2018-09-12",164.49,161.8,163.25,24078118
161.36,"2018-09-13",163.32,160.86,162.0,25453775
162.32,"2018-09-14",162.84,160.34,161.715,21770405
160.58,"2018-09-17",162.06,159.77,161.92,21005321
160.3,"2018-09-18",161.7639,158.8656,159.39,22465236
163.06,"2018-09-19",163.44,159.48,160.08,19628996
166.02,"2018-09-20",166.45,164.4722,164.5,18936038
162.93,"2018-09-21",167.25,162.81,166.64,45994800
165.41,"2018-09-24",165.7,160.88,161.03,19222775
164.91,"2018-09-25",165.59,161.15,161.99,27622806
166.95,"2018-09-26",169.3,164.21,164.3,25252231
168.84,"2018-09-27",171.77,167.21,167.55,27266856
164.46,"2018-09-28",168.79,162.56,168.33,34265638
162.44,"2018-10-01",165.88,161.26,163.03,26407677
159.33,"2018-10-02",162.28,158.67,161.58,36030977
162.43,"2018-10-03",163.66,159.53,160.0,23109456
158.85,"2018-10-04",161.46,157.35,161.46,25739635
157.33,"2018-10-05",160.9,156.2,159.21,25744047
157.25,"2018-10-08",158.34,154.39,155.54,24045968
157.9,"2018-10-09",160.59,157.42,157.69,18844425
151.38,"2018-10-10",157.69,151.31,156.82,30609970
153.35,"2018-10-11",154.81,149.16,150.13,35338901
153.74,"2018-10-12",156.89,151.2998,156.73,25293492
153.52,"2018-10-15",155.57,152.55,153.32,15433521
158.78,"2018-10-16",159.46,155.01,155.4,19180095
159.42,"2018-10-17",160.49,157.95,159.56,17592003
154.92,"2018-10-18",158.66,153.28,158.51,21675084
154.05,"2018-10-19",157.35,153.55,155.86,19761347
154.78,"2018-10-22",157.34,154.46,154.76,15424658
154.39,"2018-10-23",154.77,150.85,151.22,19095032
146.04,"2018-10-24",154.65,145.6,154.28,27744597
150.95,"2018-10-25",152.21,147.0,147.73,22105696
145.37,"2018-10-26",149.0,143.8,145.82,31303341
142.09,"2018-10-29",148.83,139.03,148.5,31336784
146.22,"2018-10-30",146.64,139.7419,139.935,50528278
151.79,"2018-10-31",156.4,148.96,155.0,60101251
151.75,"2018-11-01",152.75,149.35,151.52,25640786
150.35,"2018-11-02",154.13,148.96,151.8,24708695
148.68,"2018-11-05",150.19,147.44,150.1,15969849
149.94,"2018-11-06",150.97,148.0,149.31,16667124
151.53,"2018-11-07",153.01,149.83,151.57,21877372
147.87,"2018-11-08",150.94,146.74,150.49,24145814
144.96,"2018-11-09",147.76,144.07,146.75,17326898
141.55,"2018-11-12",145.04,140.4899,144.48,18542123
142.16,"2018-11-13",144.88,141.62,142.0,15141710
144.22,"2018-11-14",145.58,141.55,143.7,22068384
143.85,"2018-11-15",144.84,140.83,142.33,30320280
139.53,"2018-11-16",141.77,137.77,141.07,37250560
131.55,"2018-11-19",137.75,131.21,137.61,44362729
132.43,"2018-11-20",134.1592,126.85,127.03,41939475
134.82,"2018-11-21",137.19,134.13,134.4,25469735
131.73,"2018-11-23",134.5,131.2551,133.65,11886128
136.38,"2018-11-26",137.0,132.78,133.0,24263640
135.0,"2018-11-27",136.6126,133.71,135.75,20750318
136.76,"2018-11-28",136.7899,131.85,136.28,29847505
138.68,"2018-11-29",139.99,135.66,135.92,24238713
140.61,"2018-11-30",140.966,137.36,138.26,25732577
141.09,"2018-12-03",143.6799,140.76,143.0,24819226
137.93,"2018-12-04",143.39,137.16,140.73,30307400
139.63,"2018-12-06",139.7,133.67,133.82,28218145
137.42,"2018-12-07",140.87,136.6566,139.25,21195460
141.85,"2018-12-10",143.05,139.01,139.6,26422173
142.08,"2018-12-11",143.88,141.1,143.88,20300349
144.5,"2018-12-12",147.19,142.51,143.08,23696936
145.01,"2018-12-13",145.85,143.19,145.57,18148610
144.06,"2018-12-14",146.01,142.51,143.34,21785820
140.19,"2018-12-17",144.92,138.42,143.08,24333959
143.66,"2018-12-18",145.93,139.8301,141.08,24709084
133.24,"2018-12-19",144.91,132.5,141.21,57404894
133.4,"2018-12-20",135.57,130.0,130.7,40297944
124.95,"2018-12-21",134.9,123.42,133.39,56901491
124.06,"2018-12-24",129.74,123.02,123.1,22066002
134.18,"2018-12-26",134.24,125.89,126.0,39723370
134.52,"2018-12-27",134.99,129.67,132.44,31202509
133.2,"2018-12-28",135.92,132.2,135.34,22627569
131.09,"2018-12-31",134.64,129.95,134.45,24625308
135.68,"2019-01-02",137.51,128.56,128.99,28146193
131.74,"2019-01-03",137.17,131.12,134.69,22717948
137.95,"2019-01-04",138.0,133.75,134.01,29002059
138.05,"2019-01-07",138.87,135.91,137.56,20089337
142.53,"2019-01-08",143.14,139.54,139.89,26263793
144.23,"2019-01-09",144.7,141.27,142.95,22205879
144.2,"2019-01-10",144.56,140.84,143.08,16125004
143.8,"2019-01-11",145.36,142.57,143.15,12908031
145.39,"2019-01-14",146.57,141.27,142.0,20520278
148.95,"2019-01-15",150.68,145.99,146.01,24068822
147.54,"2019-01-16",149.6499,146.9975,149.0,18025714
148.3,"2019-01-17",149.0,146.5,146.95,15787914
150.04,"2019-01-18",152.43,148.55,149.75,31029612
147.57,"2019-01-22",151.53,146.37,149.2,22378694
144.3,"2019-01-23",148.8,143.055,148.28,20098415
145.83,"2019-01-24",146.44,142.52,144.64,20955518
149.01,"2019-01-25",149.83,146.54,147.48,22250954
147.47,"2019-01-28",148.96,146.21,148.05,15508483
144.19,"2019-01-29",148.1,143.43,148.09,17631953
150.42,"2019-01-30",150.95,145.6953,146.22,44613240
166.69,"2019-01-31",171.68,165.0,165.6,77227866
165.71,"2019-02-01",169.1,165.66,165.84,30806513
169.25,"2019-02-04",169.3,163.62,165.7,20036470
171.16,"2019-02-05",171.98,168.69,169.15,22556985
170.49,"2019-02-06",172.47,169.27,171.2,13281161
166.38,"2019-02-07",169.24,165.25,168.2,17517609
167.33,"2019-02-08",167.37,164.21,164.47,12561422
165.79,"2019-02-11",168.3,165.08,167.9,12811176
165.04,"2019-02-12",168.34,164.5,166.86,16292290
164.07,"2019-02-13",166.22,163.73,165.38,14205146
163.95,"2019-02-14",164.8697,162.2468,163.19,12755151
162.5,"2019-02-15",164.7,160.86,164.51,15504415
162.29,"2019-02-19",164.15,160.33,160.5,14345390
162.56,"2019-02-20",163.72,161.25,162.25,11770692
160.04,"2019-02-21",162.24,159.59,161.93,15607828
161.89,"2019-02-22",162.41,160.31,160.58,15858468
164.62,"2019-02-25",166.07,162.9,163.07,18737106
164.13,"2019-02-26",166.24,163.8,164.335,13784063
162.81,"2019-02-27",163.93,160.41,162.9,12697485
161.45,"2019-02-28",163.5,160.86,162.37,11112557
162.28,"2019-03-01",163.132,161.69,162.6,11089024
